<?xml version="1.0" encoding="UTF-8" ?>
<!DOCTYPE mapper
        PUBLIC "-//mybatis.org//DTD Mapper 3.0//EN"
        "http://mybatis.org/dtd/mybatis-3-mapper.dtd">
<mapper namespace="com.xianshuiyu.webshop.demos.web.mapper.CommodityMapper">
    <update id="updateCommodityInfo">
        update commodities
        <set>
            <if test="categoryId!=null">
                categoryId = #{categoryId},
            </if>
            <if test="commodityName!=null and commodityName!=''">
                commodityName = #{commodityName},
            </if>
            <if test="manufacturer!=null and manufacturer!=''">
                manufacturer = #{manufacturer},
            </if>
            <if test="commodityDepict!=null and commodityDepict!=''">
                commodityDepict = #{commodityDepict},
            </if>
            <if test="commodityPrice!=null">
                commodityPrice = #{commodityPrice},
            </if>
            <if test="webPrice!=null">
                webPrice = #{webPrice},
            </if>
            <if test="commodityAmount!=null">
                commodityAmount = #{commodityAmount},
            </if>
            <if test="commodityLeaveNum!=null">
                commodityLeaveNum = #{commodityLeaveNum},
            </if>
            <if test="image!=null and image!=''">
                image = #{image}
            </if>
        </set>
        where commodityId = #{commodityId}
    </update>

    <insert id="save">
        insert into commodities
        <trim prefix="(" suffix=")" suffixOverrides=",">
            <if test="categoryId!=null">
                categoryId,
            </if>
            <if test="commodityName!=null and commodityName!=''">
                commodityName,
            </if>
            <if test="manufacturer!=null and manufacturer!=''">
                manufacturer,
            </if>
            <if test="commodityDepict!=null and commodityDepict!=''">
                commodityDepict,
            </if>
            <if test="commodityPrice!=null">
                commodityPrice,
            </if>
            <if test="webPrice!=null">
                webPrice,
            </if>
            <if test="commodityAmount!=null">
                commodityAmount,
            </if>
            <if test="commodityLeaveNum!=null">
                commodityLeaveNum,
            </if>
            <if test="image!=null and image!=''">
                image
            </if>
        </trim>
        values
        <trim prefix="(" suffix=")" suffixOverrides=",">
            <if test="categoryId!=null">
                #{categoryId},
            </if>
            <if test="commodityName!=null and commodityName!=''">
                #{commodityName},
            </if>
            <if test="manufacturer!=null and manufacturer!=''">
               #{manufacturer},
            </if>
            <if test="commodityDepict!=null and commodityDepict!=''">
                #{commodityDepict},
            </if>
            <if test="commodityPrice!=null">
                #{commodityPrice},
            </if>
            <if test="webPrice!=null">
                #{webPrice},
            </if>
            <if test="commodityAmount!=null">
                #{commodityAmount},
            </if>
            <if test="commodityLeaveNum!=null">
                #{commodityLeaveNum},
            </if>
            <if test="image!=null and image!=''">
                #{image}
            </if>
        </trim>
    </insert>
</mapper>